{
    "version":"1.0",
    "pkgName":{
        "zh_cn":"",
        "en_us":""
    },
    "pkgId":"emoj",
    "pkgBgUnSelected":"heibai.png",
    "pkgBgSelected":"caise.png",
    "type":"small",
    "emoticons":[
                 {
                 "emoticonId":"",
                 "name":{
                 "zh_cn":"[傲慢]",
                 "en_us":"[Arrogant]"
                 },
                 "pic":"aoman.png",
                 "picUrl":"",
                 "cover":"aoman.png",
                 "coverUrl":"",
                 "type":"png"
                 },
                 {
                 "emoticonId":"",
                 "name":{
                 "zh_cn":"[冷汗]",
                 "en_us":"[Awkward]"
                 },
                 "pic":"lenghan.png",
                 "picUrl":"",
                 "cover":"lenghan.png",
                 "coverUrl":"",
                 "type":"png"
                 },
                 {
                 "emoticonId":"",
                 "name":{
                 "zh_cn":"[发呆]",
                 "en_us":"[Dazed]"
                 },
                 "pic":"fadai.png",
                 "picUrl":"",
                 "cover":"fadai.png",
                 "coverUrl":"",
                 "type":"png"
                 },
                 {
                 "emoticonId":"",
                 "name":{
                 "zh_cn":"[吓]",
                 "en_us":"[Frighten]"
                 },
                 "pic":"xia.png",
                 "picUrl":"",
                 "cover":"xia.png",
                 "coverUrl":"",
                 "type":"png"
                 },
                 {
                 "emoticonId":"",
                 "name":{
                 "zh_cn":"[坏笑]",
                 "en_us":"[Evil laugh]"
                 },
                 "pic":"huaixiao.png",
                 "picUrl":"",
                 "cover":"huaixiao.png",
                 "coverUrl":"",
                 "type":"png"
                 },
                 {
                 "emoticonId":"",
                 "name":{
                 "zh_cn":"[大哭]",
                 "en_us":"[Cry]"
                 },
                 "pic":"daku.png",
                 "picUrl":"",
                 "cover":"daku.png",
                 "coverUrl":"",
                 "type":"png"
                 },
                 {
                 "emoticonId":"",
                 "name":{
                 "zh_cn":"[大喊]",
                 "en_us":"[Yell]"
                 },
                 "pic":"dahan.png",
                 "picUrl":"",
                 "cover":"dahan.png",
                 "coverUrl":"",
                 "type":"png"
                 },
                 {
                 "emoticonId":"",
                 "name":{
                 "zh_cn":"[大笑]",
                 "en_us":"[Laugh]"
                 },
                 "pic":"daxiao.png",
                 "picUrl":"",
                 "cover":"daxiao.png",
                 "coverUrl":"",
                 "type":"png"
                 },
                 {
                 "emoticonId":"",
                 "name":{
                 "zh_cn":"[害羞]",
                 "en_us":"[shy]"
                 },
                 "pic":"haixiu.png",
                 "picUrl":"",
                 "cover":"haixiu.png",
                 "coverUrl":"",
                 "type":"png"
                 },
                 {
                 "emoticonId":"",
                 "name":{
                 "zh_cn":"[得意]",
                 "en_us":"[Smug]"
                 },
                 "pic":"deyi.png",
                 "picUrl":"",
                 "cover":"deyi.png",
                 "coverUrl":"",
                 "type":"png"
                 },
                 {
                 "emoticonId":"",
                 "name":{
                 "zh_cn":"[愤怒]",
                 "en_us":"[Furious]"
                 },
                 "pic":"fennu.png",
                 "picUrl":"",
                 "cover":"fennu.png",
                 "coverUrl":"",
                 "type":"png"
                 },
                 {
                 "emoticonId":"",
                 "name":{
                 "zh_cn":"[欢呼]",
                 "en_us":"[Cheer]"
                 },
                 "pic":"huanhu.png",
                 "picUrl":"",
                 "cover":"huanhu.png",
                 "coverUrl":"",
                 "type":"png"
                 },
                 {
                 "emoticonId":"",
                 "name":{
                 "zh_cn":"[爱心]",
                 "en_us":"[Heart]"
                 },
                 "pic":"aixin.png",
                 "picUrl":"",
                 "cover":"aixin.png",
                 "coverUrl":"",
                 "type":"png"
                 },
                 {
                 "emoticonId":"",
                 "name":{
                 "zh_cn":"[生气]",
                 "en_us":"[Mad]"
                 },
                 "pic":"shengqi.png",
                 "picUrl":"",
                 "cover":"shengqi.png",
                 "coverUrl":"",
                 "type":"png"
                 },
                 {
                 "emoticonId":"",
                 "name":{
                 "zh_cn":"[疑问]",
                 "en_us":"[Doubtful]"
                 },
                 "pic":"yiwen.png",
                 "picUrl":"",
                 "cover":"yiwen.png",
                 "coverUrl":"",
                 "type":"png"
                 },
                 {
                 "emoticonId":"",
                 "name":{
                 "zh_cn":"[睡着了]",
                 "en_us":"[Sleep]"
                 },
                 "pic":"shuizhuoliao.png",
                 "picUrl":"",
                 "cover":"shuizhuoliao.png",
                 "coverUrl":"",
                 "type":"png"
                 },
                 {
                 "emoticonId":"",
                 "name":{
                 "zh_cn":"[瞪眼]",
                 "en_us":"[Stare]"
                 },
                 "pic":"dengyan.png",
                 "picUrl":"",
                 "cover":"dengyan.png",
                 "coverUrl":"",
                 "type":"png"
                 },
                 {
                 "emoticonId":"",
                 "name":{
                 "zh_cn":"[郁闷]",
                 "en_us":"[Sad]"
                 },
                 "pic":"yumen.png",
                 "picUrl":"",
                 "cover":"yumen.png",
                 "coverUrl":"",
                 "type":"png"
                 },
                 {
                 "emoticonId":"",
                 "name":{
                 "zh_cn":"[酷]",
                 "en_us":"[Cool]"
                 },
                 "pic":"ku.png",
                 "picUrl":"",
                 "cover":"ku.png",
                 "coverUrl":"",
                 "type":"png"
                 },
                 {
                 "emoticonId":"",
                 "name":{
                 "zh_cn":"[震惊]",
                 "en_us":"[Shocked]"
                 },
                 "pic":"zhenjing.png",
                 "picUrl":"",
                 "cover":"zhenjing.png",
                 "coverUrl":"",
                 "type":"png"
                 }
                 ]
}
