{
	"t":"r",
	"subt":"ft",
	"key":"faceu3",
	"type":"Filter",
	"guid":"faceu3",
	"isSupportRealRender":1,
	"params":{
		"items":[
			{
				"max":100,
				"value":100,
				"min":0,
				"cmdType":"",
				"key":"EffectOpacity",
				"step":1,
				"type":"NoEffectItem",
				"effectKey":"",
				"default":100
			}
		]
	},
	"cmds":{
		"makeCmd":[
			{
				"cmd":"Effect=ToneSeparate;colorParam=15,4,0.25,64;mode=1.0;inputImageTexture2=8",
				"device":0
			}
		],
		"preCmd":[
			{
				"cmd":"Effect=ToneSeparate;colorParam=15,4,0.25,64;mode=1.0;inputImageTexture2=8",
				"device":0
			}
		]
	},
	"textures":{
		"items":[
			{
				"enableRotation":1,
				"name":"3.png",
				"type":1,
				"index":8
			}
		],
		"rule":1
	},
	"skinParam":{
		"max":1.0,
		"min":0.1,
		"middle":0.6
	}
}