﻿{
  "icon": "/pack/美妆素材-橘色-icon.png",
  "items": [
    {
      "bundle": "/bundle/008b78ad1060fc7a38f35784229fcef8,6",
      "value": "0.8"
    },
    {
      "bundle": "/bundle/79d44984e6d8915defdfbae5a5e9691d,1",
      "value": "0.8"
    },
    {
      "bundle": "/bundle/b88f9744b368b8f9c427754467231a26,2",
      "value": "0.8"
    },
    {
      "bundle": "/bundle/e1324e6231e0ed2dec3025c1db89b3b2,3",
      "value": "0.8"
    },
    {
      "bundle": "/bundle/02b4d5836a316f5c41c2c83383ec58db,7",
      "value": "0.8"
    }
  ]
}