﻿{
  "icon": "/pack/美妆素材-粉色-icon.png",
  "items": [
    {
      "bundle": "/bundle/c7fb8b6c69a8ddf0692cbd6bf2d7996f,6",
      "value": "0.8"
    },
    {
      "bundle": "/bundle/0d80369625251ea836c7d0d1ebea58d0,1",
      "value": "0.8"
    },
    {
      "bundle": "/bundle/eaf1466771b3e3925744b09f2351e4a9,2",
      "value": "0.8"
    },
    {
      "bundle": "/bundle/0fed706b5958e3e742254c0bb21fc2cb,3",
      "value": "0.8"
    },
    {
      "bundle": "/bundle/5a62fa5a7ed0acdb9bbeaaeb9c8354c5,7",
      "value": "0.8"
    }
  ]
}