﻿{
   "customCreated": "成都品果科技有限公司",
   "expiredDate": "2099-12-30",
   "itemList": [],
   "frontImage": {
	    "Bestie_iOS": 11,
	    "Bestie_Android": 22,
		"Android": 67,
		"iOS": 51
	  },
	  "extend": {
		"isOnePiece": false
	   }, 
	  "beauty": { 
			"iOS": {
				"pid": "natural",
			    "enable":false,
			    "custom":{
			        "folder":"makeup",
			        "makeup":["moren001"]
			     },
			     "control": {
			     	"faceType": "ziran",
			         "showFaceShapeSlider2":true,
			         "showFaceBeautySlider2":false,
			         "resetFaceShapeValue2":false,
			         "resetFaceBeautyValue2":false
			                  },
				"beatyMakeup2": "earth",
				"skinShapes": ""
			},
			"Android": {
				"pid": "natural",
			    "enable":false,
			    "custom":{
			        "folder":"makeup",
			        "makeup":["moren001"]
			     },
			     "control": {
			     	 "faceType": "ziran",
			         "showFaceShapeSlider2":true,
			         "showFaceBeautySlider2":false,
			         "resetFaceShapeValue2":false,
			         "resetFaceBeautyValue2":false
			                  },
				"beatyMakeup2": "earth",
				"skinShapes": ""
			}
	   },
      "filterInner": {
        "folder": "filter",
	     "filters": [
	       "p3"
	       ]
	   },
	  "t": "r",
	  "musicList": [],
	  "version": 1,
	  "modifiedDatetime": "20171018160516",
	  "crc32": "",
	  "type": "Unity",
	  "resource": "",
	  "supportVersion": 0,
	  "subt": "ut",
	  "hasMusic": false,
	  "unityTouchMode":0,
	  "hasBeauty": true,
	  "hasFilter": false,
	  "key": "caihongyunduo_190816",
	  "unity": {"folder": "unity_caihongyunduo_190816", "params": "caihongyunduo_190816,Assets/LocalResources/Camera360Assets/caihongyunduo_190816/caihongyunduo_190816.lua.txt"}
}
