﻿{
  "icon": "/pack/美妆素材-大地色-icon.png",
  "items": [
    {
      "bundle": "/bundle/83ed9bd6ee86b4b3142f3f8e8471adcb,6",
      "value": "0.8"
    },
    {
      "bundle": "/bundle/7fad92f5dbe743ee2fd1fe38190bab46,1",
      "value": "0.8"
    },
    {
      "bundle": "/bundle/c05a5df6717478d430b92ee88f20ecc5,2",
      "value": "0.8"
    },
    {
      "bundle": "/bundle/3888f589ab6e9fbdbb14099988f9a3c6,3",
      "value": "0.8"
    },
    {
      "bundle": "/bundle/5080a5f30a5ebb12b0f572a134cc97ae,7",
      "value": "0.8"
    }
  ]
}