{
  "beauty_littleface" : {
    "name" : "小脸",
    "value" : 20
  },
  "beauty_bigeye" : {
    "name" : "大眼",
    "value" : 30
  },
  "beauty_nasolabial" : {
    "name" : "法令纹",
    "value" : 20
  },
  "beauty_blusher" : {
    "type" : "J-1",
    "name" : "腮红",
    "value" : 20
  },
  "beauty_mouth" : {
    "name" : "嘴唇",
    "value" : 10
  },
  "beauty_yeye" : {
    "name" : "圆眼",
    "value" : 20
  },
  "beauty_lipgloss" : {
    "type" : "G",
    "name" : "口红",
    "value" : 20
  },
  "beauty_facelift" : {
    "name" : "瘦脸",
    "value" : 30
  },
  "beauty_skincolor" : {
    "type" : "B",
    "name" : "肤色",
    "value" : 30
  },
  "beauty_leye" : {
    "name" : "亮眼",
    "value" : 50
  },
  "beauty_narrownose" : {
    "name" : "鼻子",
    "value" : 50
  },
  "beauty_blackeye" : {
    "name" : "黑眼圈",
    "value" : 50
  },
  "beauty_teeth" : {
    "name" : "白牙",
    "value" : 30
  }
}