﻿{
  "effectInfos": [
    {
      "effectName": "BackTo1839",
      "effectParams": [
        {
          "name": "noiseFrame",
          "paramType": "5",
          "calType": "",
          "texType": "",
          "value": "8"
        }
      ]
    },
    {
      "effectName": "Blend_Multiply_Frame",
      "effectParams": [
        {
          "name": "MainTex1",
          "paramType": "0",
          "calType": "",
          "texType": "",
          "value": ""
        },
        {
          "name": "Rotate",
          "paramType": "1",
          "calType": "",
          "texType": "",
          "value": "0"
        },
        {
          "name": "Opacity",
          "paramType": "1",
          "calType": "",
          "texType": "",
          "value": "1"
        }
      ]
    },
    {
      "effectName": "Blend_Over",
      "effectParams": [
        {
          "name": "textureFrame",
          "paramType": "5",
          "calType": "",
          "texType": "",
          "value": "8"
        },
        {
          "name": "textureAngle",
          "paramType": "1",
          "calType": "",
          "texType": "",
          "value": "0"
        },
        {
          "name": "Opacity",
          "paramType": "1",
          "calType": "",
          "texType": "",
          "value": "1"
        }
      ]
    },
    {
      "effectName": "Blend_Screen_Frame",
      "effectParams": [
        {
          "name": "_InvFade",
          "paramType": "1",
          "calType": "",
          "texType": "",
          "value": "1"
        }
      ]
    },
    {
      "effectName": "Blend_SoftLight",
      "effectParams": [
        {
          "name": "textureFrame",
          "paramType": "5",
          "calType": "",
          "texType": "",
          "value": "8"
        },
        {
          "name": "textureAngle",
          "paramType": "1",
          "calType": "",
          "texType": "",
          "value": "0"
        },
        {
          "name": "Opacity",
          "paramType": "1",
          "calType": "",
          "texType": "",
          "value": "1"
        }
      ]
    },
    {
      "effectName": "BW_Color",
      "effectParams": [
        {
          "name": "Curve0",
          "paramType": "5",
          "calType": "",
          "texType": "",
          "value": "<A>90=45,145=110,185=185</A>"
        }
      ]
    },
    {
      "effectName": "BW_Enhance",
      "effectParams": [
        {
          "name": "LevelRangeMin",
          "paramType": "2",
          "calType": "",
          "texType": "",
          "value": "(0.0, 0.0, 0.0, 0.0)"
        },
        {
          "name": "LevelRangeMax",
          "paramType": "2",
          "calType": "",
          "texType": "",
          "value": "(1.0, 1.0, 1.0, 1.0)"
        }
      ]
    },
    {
      "effectName": "BW_Lum",
      "effectParams": [
        {
          "name": "LevelRangeMin",
          "paramType": "2",
          "calType": "",
          "texType": "",
          "value": "(0.0, 0.0, 0.0, 0.0)"
        },
        {
          "name": "LevelRangeMax",
          "paramType": "2",
          "calType": "",
          "texType": "",
          "value": "(1.0, 1.0, 1.0, 1.0)"
        }
      ]
    },
    {
      "effectName": "BW_Normal",
      "effectParams": [
        {
          "name": "LevelRangeMin",
          "paramType": "2",
          "calType": "",
          "texType": "",
          "value": "(0.0, 0.0, 0.0, 0.0)"
        },
        {
          "name": "LevelRangeMax",
          "paramType": "2",
          "calType": "",
          "texType": "",
          "value": "(1.0, 1.0, 1.0, 1.0)"
        }
      ]
    },
    {
      "effectName": "BW_Storm",
      "effectParams": [
        {
          "name": "LevelRangeMin",
          "paramType": "2",
          "calType": "",
          "texType": "",
          "value": "(0.0, 0.0, 0.0, 0.0)"
        },
        {
          "name": "LevelRangeMax",
          "paramType": "2",
          "calType": "",
          "texType": "",
          "value": "(1.0, 1.0, 1.0, 1.0)"
        },
        {
          "name": "guassFrame",
          "paramType": "5",
          "calType": "",
          "texType": "",
          "value": "<PyramidLevel>3</PyramidLevel><StandLength>400</StandLength><StandAmount>10</StandAmount>"
        }
      ]
    },
    {
      "effectName": "ClipValidArea",
      "effectParams": [
        {
          "name": "OrgImageSize",
          "paramType": "2",
          "calType": "",
          "texType": "",
          "value": "(0.0, 0.0, 0.0, 0.0)"
        },
        {
          "name": "ClipImageSize",
          "paramType": "2",
          "calType": "",
          "texType": "",
          "value": "(0.0, 0.0, 0.0, 0.0)"
        }
      ]
    },
    {
      "effectName": "ColorFul",
      "effectParams": [
        {
          "name": "cloudFrame",
          "paramType": "5",
          "calType": "",
          "texType": "",
          "value": "6"
        },
        {
          "name": "gradientFrame",
          "paramType": "5",
          "calType": "",
          "texType": "",
          "value": "0,0,0:255,255,255"
        },
        {
          "name": "Level",
          "paramType": "1",
          "calType": "",
          "texType": "",
          "value": "0"
        }
      ]
    },
    {
      "effectName": "ColorMapping",
      "effectParams": [
        {
          "name": "gradientFrame",
          "paramType": "5",
          "calType": "",
          "texType": "",
          "value": "0,0,0:255,255,25"
        }
      ]
    },
    {
      "effectName": "CustomCurve",
      "effectParams": [
        {
          "name": "ColorCurve",
          "paramType": "5",
          "calType": "",
          "texType": "",
          "value": "<R>0=0,255=255</R><G>0=0,255=255</G><B>0=0,255=255</B><A>0=0,255=255</A>"
        },
        {
          "name": "Level",
          "paramType": "1",
          "calType": "",
          "texType": "",
          "value": "1"
        }
      ]
    },
    {
      "effectName": "DoubleExposure_ProtectFace",
      "effectParams": [
        {
          "name": "texture",
          "paramType": "5",
          "calType": "",
          "texType": "",
          "value": "8"
        },
        {
          "name": "blendMode",
          "paramType": "1",
          "calType": "",
          "texType": "",
          "value": "1"
        },
        {
          "name": "maskMode",
          "paramType": "1",
          "calType": "",
          "texType": "",
          "value": "0"
        },
        {
          "name": "Opacity",
          "paramType": "1",
          "calType": "",
          "texType": "",
          "value": "1"
        },
        {
          "name": "textureRatio",
          "paramType": "1",
          "calType": "",
          "texType": "",
          "value": "1"
        },
        {
          "name": "textureAngle",
          "paramType": "1",
          "calType": "",
          "texType": "",
          "value": "0"
        },
        {
          "name": "enableCircle",
          "paramType": "1",
          "calType": "",
          "texType": "",
          "value": "0"
        },
        {
          "name": "maxBlur",
          "paramType": "1",
          "calType": "",
          "texType": "",
          "value": "1"
        },
        {
          "name": "isPremultiplied",
          "paramType": "1",
          "calType": "",
          "texType": "",
          "value": "0"
        },
        {
          "name": "ImageSize",
          "paramType": "2",
          "calType": "1",
          "texType": "",
          "value": "(1, 1, 0.0, 0.0)"
        },
        {
          "name": "tiltShiftCircleParam",
          "paramType": "2",
          "calType": "",
          "texType": "",
          "value": "0.5,0.25,0.2,0.15"
        },
        {
          "name": "circleScale",
          "paramType": "2",
          "calType": "",
          "texType": "",
          "value": "(1.0,0.8, 0.0, 0.0)"
        },
        {
          "name": "skinBenchmark",
          "paramType": "2",
          "calType": "",
          "texType": "",
          "value": "(0.555843174,0.11776863,0.000933323696,1.0)"
        }
      ]
    },
    {
      "effectName": "Dream_Stand",
      "effectParams": [
        {
          "name": "guassFrame",
          "paramType": "5",
          "calType": "",
          "texType": "",
          "value": "<PyramidLevel>1</PyramidLevel><StandLength>400</StandLength><StandAmount>10</StandAmount>"
        },
        {
          "name": "Level",
          "paramType": "1",
          "calType": "",
          "texType": "",
          "value": "1"
        }
      ]
    },
    {
      "effectName": "DynamicShaderGenerator",
      "effectParams": [
        {
          "name": "inputImageSize",
          "paramType": "2",
          "calType": "",
          "texType": "",
          "value": "(0.0, 0.0, 0.0, 0.0)"
        },
        {
          "name": "Offset",
          "paramType": "2",
          "calType": "",
          "texType": "",
          "value": "(1.0, 1.0, 0.0, 0.0)"
        }
      ]
    },
    {
      "effectName": "Enhance_AutoLevel",
      "effectParams": [
        {
          "name": "LevelRangeMin",
          "paramType": "2",
          "calType": "",
          "texType": "",
          "value": "(0.0, 0.0, 0.0, 0.0)"
        },
        {
          "name": "LevelRangeMax",
          "paramType": "2",
          "calType": "",
          "texType": "",
          "value": "(1.0, 1.0, 1.0, 1.0)"
        },
        {
          "name": "Level",
          "paramType": "1",
          "calType": "",
          "texType": "",
          "value": "1"
        }
      ]
    },
    {
      "effectName": "Enhance_AutoWhiteBalance",
      "effectParams": [
        {
          "name": "LevelRangeMin",
          "paramType": "2",
          "calType": "",
          "texType": "",
          "value": "(0.0, 0.0, 0.0, 0.0)"
        },
        {
          "name": "LevelRangeMax",
          "paramType": "2",
          "calType": "",
          "texType": "",
          "value": "(1.0, 1.0, 1.0, 1.0)"
        }
      ]
    },
    {
      "effectName": "Enhance_Cold",
      "effectParams": [
        {
          "name": "LevelRangeMin",
          "paramType": "2",
          "calType": "",
          "texType": "",
          "value": "(0.0, 0.0, 0.0, 0.0)"
        },
        {
          "name": "LevelRangeMax",
          "paramType": "2",
          "calType": "",
          "texType": "",
          "value": "(1.0, 1.0, 1.0, 1.0)"
        },
        {
          "name": "ColorBalance0",
          "paramType": "5",
          "calType": "",
          "texType": "",
          "value": "0,0,0,-10,10,20,0,0,0,1"
        }
      ]
    },
    {
      "effectName": "Enhance_Enhance",
      "effectParams": [
        {
          "name": "LevelRangeMin",
          "paramType": "2",
          "calType": "",
          "texType": "",
          "value": "(0.0, 0.0, 0.0, 0.0)"
        },
        {
          "name": "LevelRangeMax",
          "paramType": "2",
          "calType": "",
          "texType": "",
          "value": "(1.0, 1.0, 1.0, 1.0)"
        }
      ]
    },
    {
      "effectName": "Enhance_FixExposure",
      "effectParams": [
        {
          "name": "LevelRangeMin",
          "paramType": "2",
          "calType": "",
          "texType": "",
          "value": "(0.0, 0.0, 0.0, 0.0)"
        },
        {
          "name": "LevelRangeMax",
          "paramType": "2",
          "calType": "",
          "texType": "",
          "value": "(1.0, 1.0, 1.0, 1.0)"
        }
      ]
    },
    {
      "effectName": "Enhance_HighContrast",
      "effectParams": [
        {
          "name": "LevelRangeMin",
          "paramType": "2",
          "calType": "",
          "texType": "",
          "value": "(0.0, 0.0, 0.0, 0.0)"
        },
        {
          "name": "LevelRangeMax",
          "paramType": "2",
          "calType": "",
          "texType": "",
          "value": "(1.0, 1.0, 1.0, 1.0)"
        }
      ]
    },
    {
      "effectName": "Enhance_Night",
      "effectParams": [
        {
          "name": "Curve0",
          "paramType": "5",
          "calType": "",
          "texType": "",
          "value": "<A>102=180</A>"
        },
        {
          "name": "LevelRangeMin",
          "paramType": "2",
          "calType": "",
          "texType": "",
          "value": "(0.0, 0.0, 0.0, 0.0)"
        },
        {
          "name": "LevelRangeMax",
          "paramType": "2",
          "calType": "",
          "texType": "",
          "value": "(1.0, 1.0, 1.0, 1.0)"
        }
      ]
    },
    {
      "effectName": "Enhance_Vivid",
      "effectParams": [
        {
          "name": "Curve0",
          "paramType": "5",
          "calType": "",
          "texType": "",
          "value": "<R>51=0,118=106</R><G>46=0,100=108,155=181,221=255</G><B>21=0,82=75,151=255</B><A>15=0,235=255</A>"
        },
        {
          "name": "ColorBalance0",
          "paramType": "5",
          "calType": "",
          "texType": "",
          "value": "0,0,0,-10,-20,15,0,0,0,1"
        },
        {
          "name": "Saturation",
          "paramType": "1",
          "calType": "",
          "texType": "",
          "value": "2.5"
        }
      ]
    },
    {
      "effectName": "Enhance_Warm",
      "effectParams": [
        {
          "name": "LevelRangeMin",
          "paramType": "2",
          "calType": "",
          "texType": "",
          "value": "(0.0, 0.0, 0.0, 0.0)"
        },
        {
          "name": "LevelRangeMax",
          "paramType": "2",
          "calType": "",
          "texType": "",
          "value": "(1.0, 1.0, 1.0, 1.0)"
        }
      ]
    },
    {
      "effectName": "FakeHDR_Bil",
      "effectParams": [
        {
          "name": "guassFrame",
          "paramType": "5",
          "calType": "",
          "texType": "",
          "value": "<Type>14</Type><PyramidLevel>2</PyramidLevel><Amount>10</Amount><Threshold>30</Threshold><Iteration>1</Iteration>"
        }
      ]
    },
    {
      "effectName": "FakeHDR_Vivid_Bil",
      "effectParams": [
        {
          "name": "guassFrame",
          "paramType": "5",
          "calType": "",
          "texType": "",
          "value": "<Type>14</Type><PyramidLevel>2</PyramidLevel><Amount>10</Amount><Threshold>50</Threshold><Iteration>1</Iteration>"
        }
      ]
    },
    {
      "effectName": "FastGuassBlur2x5x_1",
      "effectParams": [
        {
          "name": "ImageSize",
          "paramType": "2",
          "calType": "1",
          "texType": "",
          "value": "(100.0, 100.0, 0.0, 0.0)"
        },
        {
          "name": "blurStep5x5",
          "paramType": "1",
          "calType": "",
          "texType": "",
          "value": "1"
        },
        {
          "name": "blurStep2x2",
          "paramType": "1",
          "calType": "",
          "texType": "",
          "value": "1"
        }
      ]
    },
    {
      "effectName": "FastGuassBlur2x5x_2",
      "effectParams": [
        {
          "name": "ImageSize",
          "paramType": "2",
          "calType": "1",
          "texType": "",
          "value": "(100.0, 100.0, 0.0, 0.0)"
        },
        {
          "name": "blurStep5x5",
          "paramType": "1",
          "calType": "",
          "texType": "",
          "value": "1"
        },
        {
          "name": "blurStep2x2",
          "paramType": "1",
          "calType": "",
          "texType": "",
          "value": "1"
        }
      ]
    },
    {
      "effectName": "FastSharpen",
      "effectParams": [
        {
          "name": "ImageSize",
          "paramType": "2",
          "calType": "1",
          "texType": "",
          "value": "(0.0, 0.0, 0.0, 0.0)"
        },
        {
          "name": "sharpness",
          "paramType": "1",
          "calType": "",
          "texType": "",
          "value": "1"
        },
        {
          "name": "minLight",
          "paramType": "1",
          "calType": "",
          "texType": "",
          "value": "1"
        }
      ]
    },
    {
      "effectName": "FastSharpen_L",
      "effectParams": [
        {
          "name": "ImageSize",
          "paramType": "2",
          "calType": "1",
          "texType": "",
          "value": "(0.0, 0.0, 0.0, 0.0)"
        },
        {
          "name": "sharpness",
          "paramType": "1",
          "calType": "",
          "texType": "",
          "value": "0"
        },
        {
          "name": "minLight",
          "paramType": "1",
          "calType": "",
          "texType": "",
          "value": "0"
        }
      ]
    },
    {
      "effectName": "Funny_FishEye",
      "effectParams": [
        {
          "name": "centerPos",
          "paramType": "2",
          "calType": "",
          "texType": "",
          "value": "(0.0, 0.0, 0.0, 0.0)"
        },
        {
          "name": "radius",
          "paramType": "1",
          "calType": "",
          "texType": "",
          "value": "0.2"
        },
        {
          "name": "amount",
          "paramType": "1",
          "calType": "",
          "texType": "",
          "value": "0.2"
        }
      ]
    },
    {
      "effectName": "Funny_Mirror",
      "effectParams": [
        {
          "name": "mirrorType",
          "paramType": "1",
          "calType": "",
          "texType": "",
          "value": "0"
        }
      ]
    },
    {
      "effectName": "Funny_POP",
      "effectParams": [
        {
          "name": "LevelRangeMin",
          "paramType": "2",
          "calType": "",
          "texType": "",
          "value": "(0.0, 0.0, 0.0, 0.0)"
        },
        {
          "name": "LevelRangeMax",
          "paramType": "2",
          "calType": "",
          "texType": "",
          "value": "(1.0, 1.0, 1.0, 1.0)"
        },
        {
          "name": "Color",
          "paramType": "2",
          "calType": "",
          "texType": "",
          "value": "(1.0,0.78,0.0, 0.0)"
        }
      ]
    },
    {
      "effectName": "HDR_Enhance_Bil",
      "effectParams": [
        {
          "name": "guassFrame",
          "paramType": "5",
          "calType": "",
          "texType": "",
          "value": " <Type>14</Type><PyramidLevel>2</PyramidLevel><Amount>10</Amount><Threshold>50</Threshold><Iteration>1</Iteration>"
        },
        {
          "name": "LevelRangeMin",
          "paramType": "2",
          "calType": "",
          "texType": "",
          "value": "(0.0, 0.0, 0.0, 0.0)"
        },
        {
          "name": "LevelRangeMax",
          "paramType": "2",
          "calType": "",
          "texType": "",
          "value": "(1.0, 1.0, 1.0, 1.0)"
        }
      ]
    },
    {
      "effectName": "HDR_Light_L",
      "effectParams": [
        {
          "name": "guassFrame",
          "paramType": "5",
          "calType": "",
          "texType": "",
          "value": "<PyramidLevel>1</PyramidLevel><StandLength>80</StandLength><StandAmount>10</StandAmount>"
        },
        {
          "name": "Shadow",
          "paramType": "1",
          "calType": "",
          "texType": "",
          "value": "1.2"
        },
        {
          "name": "Highlight",
          "paramType": "1",
          "calType": "",
          "texType": "",
          "value": "0.6"
        },
        {
          "name": "_Overlay",
          "paramType": "1",
          "calType": "",
          "texType": "",
          "value": "0"
        }
      ]
    },
    {
      "effectName": "HDR_ShadowHigh_Bil",
      "effectParams": [
        {
          "name": "guassFrame",
          "paramType": "5",
          "calType": "",
          "texType": "",
          "value": "<Type>14</Type><PyramidLevel>2</PyramidLevel><Amount>10</Amount><Threshold>30</Threshold><Iteration>1</Iteration>"
        },
        {
          "name": "Shadow",
          "paramType": "1",
          "calType": "",
          "texType": "",
          "value": "40"
        },
        {
          "name": "Highlight",
          "paramType": "1",
          "calType": "",
          "texType": "",
          "value": "30"
        },
        {
          "name": "Contrast",
          "paramType": "1",
          "calType": "",
          "texType": "",
          "value": "20"
        },
        {
          "name": "Saturation",
          "paramType": "1",
          "calType": "",
          "texType": "",
          "value": "1"
        },
        {
          "name": "Level",
          "paramType": "1",
          "calType": "",
          "texType": "",
          "value": "1"
        },
        {
          "name": "_Overlay",
          "paramType": "1",
          "calType": "",
          "texType": "",
          "value": "1"
        }
      ]
    },
    {
      "effectName": "Internal_BBlur11x11_300",
      "effectParams": [
        {
          "name": "ImageSize",
          "paramType": "2",
          "calType": "0",
          "texType": "",
          "value": "(0.0, 0.0, 0.0, 0.0)"
        }
      ]
    },
    {
      "effectName": "Internal_BBlur11x11_500",
      "effectParams": [
        {
          "name": "ImageSize",
          "paramType": "2",
          "calType": "0",
          "texType": "",
          "value": "(0.0, 0.0, 0.0, 0.0)"
        }
      ]
    },
    {
      "effectName": "Internal_Bilateral",
      "effectParams": [
        {
          "name": "ImageSize",
          "paramType": "2",
          "calType": "1",
          "texType": "",
          "value": "(512.0, 512.0, 0.0, 0.0)"
        },
        {
          "name": "R",
          "paramType": "1",
          "calType": "",
          "texType": "",
          "value": "5"
        },
        {
          "name": "Y",
          "paramType": "1",
          "calType": "",
          "texType": "",
          "value": "15"
        }
      ]
    },
    {
      "effectName": "Internal_Bilateral_3x3",
      "effectParams": [
        {
          "name": "ImageSize",
          "paramType": "2",
          "calType": "1",
          "texType": "",
          "value": "(512.0, 512.0, 0.0, 0.0)"
        },
        {
          "name": "Y",
          "paramType": "1",
          "calType": "",
          "texType": "",
          "value": "10"
        },
        {
          "name": "Offset",
          "paramType": "2",
          "calType": "",
          "texType": "",
          "value": "(1.0, 0.0, 0.0, 0.0)"
        }
      ]
    },
    {
      "effectName": "Internal_Bilateral_5x5",
      "effectParams": [
        {
          "name": "ImageSize",
          "paramType": "2",
          "calType": "1",
          "texType": "",
          "value": "(512.0, 512.0, 0.0, 0.0)"
        },
        {
          "name": "Y",
          "paramType": "1",
          "calType": "",
          "texType": "",
          "value": "15"
        },
        {
          "name": "Offset",
          "paramType": "2",
          "calType": "",
          "texType": "",
          "value": "(1.0, 0.0, 0.0, 0.0)"
        }
      ]
    },
    {
      "effectName": "Internal_Bilateral_10x10",
      "effectParams": [
        {
          "name": "ImageSize",
          "paramType": "2",
          "calType": "1",
          "texType": "",
          "value": "(512.0, 512.0, 0.0, 0.0)"
        },
        {
          "name": "Y",
          "paramType": "1",
          "calType": "",
          "texType": "",
          "value": "15"
        },
        {
          "name": "Offset",
          "paramType": "2",
          "calType": "",
          "texType": "",
          "value": "(1.0, 0.0, 0.0, 0.0)"
        }
      ]
    },
    {
      "effectName": "Internal_GuassBlur1x1",
      "effectParams": [
        {
          "name": "ImageSize",
          "paramType": "2",
          "calType": "1",
          "texType": "",
          "value": "(100.0, 100.0, 0.0, 0.0)"
        },
        {
          "name": "blurSize",
          "paramType": "1",
          "calType": "",
          "texType": "",
          "value": "1"
        },
        {
          "name": "Offset",
          "paramType": "2",
          "calType": "",
          "texType": "",
          "value": "(1.0, 0.0, 0.0, 0.0)"
        },
        {
          "name": "Radius",
          "paramType": "1",
          "calType": "",
          "texType": "",
          "value": "0"
        }
      ]
    },
    {
      "effectName": "Internal_GuassBlur5x5",
      "effectParams": [
        {
          "name": "blurSize",
          "paramType": "1",
          "calType": "",
          "texType": "",
          "value": "1"
        },
        {
          "name": "Offset",
          "paramType": "2",
          "calType": "",
          "texType": "",
          "value": "(1.0, 0.0, 0.0, 0.0)"
        },
        {
          "name": "Radius",
          "paramType": "1",
          "calType": "",
          "texType": "",
          "value": "0"
        },
        {
          "name": "ImageSize",
          "paramType": "2",
          "calType": "1",
          "texType": "",
          "value": "(0.0, 0.0, 0.0, 0.0)"
        }
      ]
    },
    {
      "effectName": "Internal_GuassBlur10x10",
      "effectParams": [
        {
          "name": "blurSize",
          "paramType": "1",
          "calType": "",
          "texType": "",
          "value": "1"
        },
        {
          "name": "Offset",
          "paramType": "2",
          "calType": "",
          "texType": "",
          "value": "(1.0, 0.0, 0.0, 0.0)"
        },
        {
          "name": "ImageSize",
          "paramType": "2",
          "calType": "1",
          "texType": "",
          "value": "(0.0, 0.0, 0.0, 0.0)"
        }
      ]
    },
    {
      "effectName": "Internal_Highpass",
      "effectParams": [
        {
          "name": "guassFrame",
          "paramType": "5",
          "calType": "",
          "texType": "",
          "value": "0"
        }
      ]
    },
    {
      "effectName": "Internal_MaximumPix",
      "effectParams": [
        {
          "name": "Offset",
          "paramType": "2",
          "calType": "",
          "texType": "",
          "value": "(0.0, 1.0, 0.0, 0.0)"
        }
      ]
    },
    {
      "effectName": "Internal_Highpass10x10_2_2",
      "effectParams": [
        {
          "name": "ImageSize",
          "paramType": "2",
          "calType": "1",
          "texType": "",
          "value": "(100.0, 100.0, 0.0, 0.0)"
        },
        {
          "name": "blurSize",
          "paramType": "1",
          "calType": "",
          "texType": "",
          "value": "1"
        }
      ]
    },
    {
      "effectName": "Internal_Highpass10x10_2_1",
      "effectParams": [
        {
          "name": "ImageSize",
          "paramType": "2",
          "calType": "1",
          "texType": "",
          "value": "(100.0, 1000.0, 0.0, 0.0)"
        },
        {
          "name": "blurSize",
          "paramType": "1",
          "calType": "",
          "texType": "",
          "value": "1"
        }
      ]
    },
    {
      "effectName": "Internal_MinimumPix",
      "effectParams": [
        {
          "name": "Offset",
          "paramType": "2",
          "calType": "",
          "texType": "",
          "value": "(0.0, 1.0, 0.0, 0.0)"
        }
      ]
    },
    {
      "effectName": "Internal_MinMaxPix1",
      "effectParams": [
        {
          "name": "Offset",
          "paramType": "2",
          "calType": "",
          "texType": "",
          "value": "(1.0, 0.0, 0.0, 0.0)"
        },
        {
          "name": "Radius",
          "paramType": "1",
          "calType": "",
          "texType": "",
          "value": "4"
        }
      ]
    },
    {
      "effectName": "Internal_MinMaxPix2",
      "effectParams": [
        {
          "name": "Offset",
          "paramType": "2",
          "calType": "",
          "texType": "",
          "value": "(1.0, 0.0, 0.0, 0.0)"
        },
        {
          "name": "Radius",
          "paramType": "1",
          "calType": "",
          "texType": "",
          "value": "4"
        }
      ]
    },
    {
      "effectName": "Internal_SurfaceBlur10x10_RChannel",
      "effectParams": [
        {
          "name": "ImageSize",
          "paramType": "2",
          "calType": "1",
          "texType": "",
          "value": "(512.0, 512.0, 0.0, 0.0)"
        },
        {
          "name": "Y",
          "paramType": "1",
          "calType": "",
          "texType": "",
          "value": "3"
        },
        {
          "name": "Offset",
          "paramType": "2",
          "calType": "",
          "texType": "",
          "value": "(1.0, 0.0, 0.0, 0.0)"
        }
      ]
    },
    {
      "effectName": "LightColor_ColorBlue",
      "effectParams": [
        {
          "name": "CurveTransition",
          "paramType": "5",
          "calType": "",
          "texType": "",
          "value": "<A>127=127</A>"
        },
        {
          "name": "Level",
          "paramType": "1",
          "calType": "",
          "texType": "",
          "value": "0.8"
        },
        {
          "name": "Transition",
          "paramType": "1",
          "calType": "",
          "texType": "",
          "value": "2.0"
        }
      ]
    },
    {
      "effectName": "LightColor_Lighting",
      "effectParams": [
        {
          "name": "ColorBalance0",
          "paramType": "5",
          "calType": "",
          "texType": "",
          "value": "0,0,0,22,29,-13,0,0,0,0"
        },
        {
          "name": "Level",
          "paramType": "1",
          "calType": "",
          "texType": "",
          "value": "1"
        },
        {
          "name": "Color",
          "paramType": "2",
          "calType": "",
          "texType": "",
          "value": "(1.0,0.97,0.82, 0.0)"
        },
        {
          "name": "Direct",
          "paramType": "1",
          "calType": "",
          "texType": "",
          "value": "0"
        },
        {
          "name": "Offset",
          "paramType": "2",
          "calType": "",
          "texType": "",
          "value": "(1.0, 0.0, 1.0, 1.0)"
        }
      ]
    },
    {
      "effectName": "LightColor_LowGreen",
      "effectParams": [
        {
          "name": "ColorBalance0",
          "paramType": "5",
          "calType": "",
          "texType": "",
          "value": "0,0,0,22,29,-13,0,0,0,0"
        },
        {
          "name": "Level",
          "paramType": "1",
          "calType": "",
          "texType": "",
          "value": "1"
        }
      ]
    },
    {
      "effectName": "LightColor_Nature",
      "effectParams": [
        {
          "name": "ColorBalance0",
          "paramType": "5",
          "calType": "",
          "texType": "",
          "value": "0,0,0,-30,0,0,0,0,0,0"
        },
        {
          "name": "Level",
          "paramType": "1",
          "calType": "",
          "texType": "",
          "value": "1"
        }
      ]
    },
    {
      "effectName": "LightColor_Sweet",
      "effectParams": [
        {
          "name": "Curve0",
          "paramType": "5",
          "calType": "",
          "texType": "",
          "value": "<R>78=87,186=183,255=235</R><G>240=255</G><B>121=132</B>"
        },
        {
          "name": "CurveTransition",
          "paramType": "5",
          "calType": "",
          "texType": "",
          "value": "<A>127=127</A>"
        },
        {
          "name": "ColorBalance0",
          "paramType": "5",
          "calType": "",
          "texType": "",
          "value": "0,0,0,0,0,0,0,0,0,0"
        },
        {
          "name": "Transition",
          "paramType": "1",
          "calType": "",
          "texType": "",
          "value": "2"
        },
        {
          "name": "Level",
          "paramType": "1",
          "calType": "",
          "texType": "",
          "value": "1"
        },
        {
          "name": "clColor",
          "paramType": "2",
          "calType": "",
          "texType": "",
          "value": "(0.02353,0.070588,0.196078, 1.0)"
        }
      ]
    },
    {
      "effectName": "LightColor_Sweet_Fast",
      "effectParams": [
        {
          "name": "ColorBalance0",
          "paramType": "5",
          "calType": "",
          "texType": "",
          "value": "0,0,0,0,0,0,0,0,0,0"
        },
        {
          "name": "Curve0",
          "paramType": "5",
          "calType": "",
          "texType": "",
          "value": "<R>78=87,186=183,255=235</R><G>240=255</G><B>121=132</B>"
        },
        {
          "name": "clColor",
          "paramType": "2",
          "calType": "",
          "texType": "",
          "value": "(0.02353,0.070588,0.196078, 1.0)"
        },
        {
          "name": "Level",
          "paramType": "1",
          "calType": "",
          "texType": "",
          "value": "1"
        }
      ]
    },
    {
      "effectName": "LightShadow",
      "effectParams": [
        {
          "name": "textureFrame",
          "paramType": "5",
          "calType": "",
          "texType": "",
          "value": "0"
        },
        {
          "name": "shodowDegree",
          "paramType": "1",
          "calType": "",
          "texType": "",
          "value": "1"
        },
        {
          "name": "brightness",
          "paramType": "1",
          "calType": "",
          "texType": "",
          "value": "1"
        },
        {
          "name": "bendDelta",
          "paramType": "1",
          "calType": "",
          "texType": "",
          "value": "-0.07"
        },
        {
          "name": "Opacity",
          "paramType": "1",
          "calType": "",
          "texType": "",
          "value": "1"
        }
      ]
    },
    {
      "effectName": "LightZ_Vignette",
      "effectParams": [
        {
          "name": "vignetteRange",
          "paramType": "1",
          "calType": "",
          "texType": "",
          "value": "0.8"
        },
        {
          "name": "vignetteScale",
          "paramType": "1",
          "calType": "",
          "texType": "",
          "value": "0"
        },
        {
          "name": "vignetteStrong",
          "paramType": "1",
          "calType": "",
          "texType": "",
          "value": "1"
        },
        {
          "name": "centerStrong",
          "paramType": "1",
          "calType": "",
          "texType": "",
          "value": "1"
        },
        {
          "name": "ImageSize",
          "paramType": "2",
          "calType": "0",
          "texType": "",
          "value": "(0.0, 0.0, 0.0, 0.0)"
        },
        {
          "name": "vignetteColor",
          "paramType": "2",
          "calType": "",
          "texType": "",
          "value": "(0.0, 0.0, 0.0, 0.0)"
        }
      ]
    },
    {
      "effectName": "LOMO105",
      "effectParams": [
        {
          "name": "ColorBalance0",
          "paramType": "5",
          "calType": "",
          "texType": "",
          "value": "0,0,0,-52,0,71,0,0,0,0"
        },
        {
          "name": "Level",
          "paramType": "1",
          "calType": "",
          "texType": "",
          "value": "1"
        }
      ]
    },
    {
      "effectName": "LOMO_Film",
      "effectParams": [
        {
          "name": "Curve0",
          "paramType": "5",
          "calType": "",
          "texType": "",
          "value": "<A>64=50,128=128,185=200</A><R>16=6,72=64,127=127,191=199,243=252</R>"
        }
      ]
    },
    {
      "effectName": "LOMO_Free",
      "effectParams": [
        {
          "name": "Curve0",
          "paramType": "5",
          "calType": "",
          "texType": "",
          "value": "<R>0=0,137=118</R><G>64=54,175=194</G><B>0=0,111=148</B>"
        }
      ]
    },
    {
      "effectName": "LOMO_Greenish",
      "effectParams": [
        {
          "name": "ColorBalance0",
          "paramType": "5",
          "calType": "",
          "texType": "",
          "value": "0,0,0,22,29,-13,0,0,0,0"
        },
        {
          "name": "Level",
          "paramType": "1",
          "calType": "",
          "texType": "",
          "value": "1"
        }
      ]
    },
    {
      "effectName": "LOMO_Recall",
      "effectParams": [
        {
          "name": "Curve0",
          "paramType": "5",
          "calType": "",
          "texType": "",
          "value": "<R>71=57,175=208</R>"
        },
        {
          "name": "Level",
          "paramType": "1",
          "calType": "",
          "texType": "",
          "value": "1"
        }
      ]
    },
    {
      "effectName": "LOMO_Red",
      "effectParams": [
        {
          "name": "Curve0",
          "paramType": "5",
          "calType": "",
          "texType": "",
          "value": "<R>91=80,135=154</R>"
        },
        {
          "name": "ColorBalance0",
          "paramType": "5",
          "calType": "",
          "texType": "",
          "value": "0,0,0,100,0,-100,0,0,0,0"
        },
        {
          "name": "Level",
          "paramType": "1",
          "calType": "",
          "texType": "",
          "value": "1"
        },
        {
          "name": "mixLevel",
          "paramType": "1",
          "calType": "",
          "texType": "",
          "value": "0.7"
        }
      ]
    },
    {
      "effectName": "OptimizedGuassBlur",
      "effectParams": [
        {
          "name": "inputImageSize",
          "paramType": "2",
          "calType": "",
          "texType": "",
          "value": "(0.0, 0.0, 0.0, 0.0)"
        },
        {
          "name": "Offset",
          "paramType": "2",
          "calType": "",
          "texType": "",
          "value": "(1.0, 1.0, 0.0, 0.0)"
        }
      ]
    },
    {
      "effectName": "Portrait_AutoLevel",
      "effectParams": [
        {
          "name": "LevelRangeMin",
          "paramType": "2",
          "calType": "",
          "texType": "",
          "value": "(0.0, 0.0, 0.0, 0.0)"
        },
        {
          "name": "LevelRangeMax",
          "paramType": "2",
          "calType": "",
          "texType": "",
          "value": "(1.0, 1.0, 1.0, 1.0)"
        },
        {
          "name": "Level",
          "paramType": "1",
          "calType": "",
          "texType": "",
          "value": "1"
        }
      ]
    },
    {
      "effectName": "Portrait_Smooth",
      "effectParams": [
        {
          "name": "GuassBlurTex0",
          "paramType": "0",
          "calType": "",
          "texType": "",
          "value": "<Type>1</Type><PyramidLevel>1</PyramidLevel><Amount>5</Amount><Threshold>15</Threshold><Iteration>1</Iteration>"
        },
        {
          "name": "Level",
          "paramType": "1",
          "calType": "",
          "texType": "",
          "value": "0.3"
        }
      ]
    },
    {
      "effectName": "Retro_Blueish",
      "effectParams": [
        {
          "name": "Curve0",
          "paramType": "5",
          "calType": "",
          "texType": "",
          "value": "<A>20=0,230=255</A><R>43=3,112=94,255=226</R><G>134=121</G><B>0=45,130=121,255=167</B>"
        }
      ]
    },
    {
      "effectName": "Retro_Decadent",
      "effectParams": [
        {
          "name": "Curve0",
          "paramType": "5",
          "calType": "",
          "texType": "",
          "value": "<R>72=67,176=217</R><G>82=48,161=192</G>"
        }
      ]
    },
    {
      "effectName": "Retro_Dim",
      "effectParams": [
        {
          "name": "Curve0",
          "paramType": "5",
          "calType": "",
          "texType": "",
          "value": "<A>169=200</A><R>141=141,187=228</R><G>147=157,173=187,209=217</G><B>45=56,132=115,176=179,200=213</B>"
        },
        {
          "name": "LevelRangeMin",
          "paramType": "2",
          "calType": "",
          "texType": "",
          "value": "(0.0, 0.0, 0.0, 0.0)"
        },
        {
          "name": "LevelRangeMax",
          "paramType": "2",
          "calType": "",
          "texType": "",
          "value": "(1.0, 1.0, 1.0, 1.0)"
        },
        {
          "name": "Color",
          "paramType": "2",
          "calType": "",
          "texType": "",
          "value": "(0.85,0.659,0.698, 0.0)"
        }
      ]
    },
    {
      "effectName": "Retro_Greenish",
      "effectParams": [
        {
          "name": "Curve0",
          "paramType": "5",
          "calType": "",
          "texType": "",
          "value": "<R>93=43,156=151,205=184</R><G>217=202</G><B>18=14,154=129,255=219</B>"
        }
      ]
    },
    {
      "effectName": "Retro_Hazy",
      "effectParams": [
        {
          "name": "Curve0",
          "paramType": "5",
          "calType": "",
          "texType": "",
          "value": "<R>73=50,178=212</R><G>83=92,176=199</G><B>255=193</B>"
        },
        {
          "name": "ColorBalance0",
          "paramType": "5",
          "calType": "",
          "texType": "",
          "value": "0,-12,18,0,-23,13,-12,-8,-16,1"
        },
        {
          "name": "Level",
          "paramType": "1",
          "calType": "",
          "texType": "",
          "value": "1"
        }
      ]
    },
    {
      "effectName": "Retro_Redish",
      "effectParams": [
        {
          "name": "Curve0",
          "paramType": "5",
          "calType": "",
          "texType": "",
          "value": "<A>20=0,230=255</A><R>0=58,156=151</R><G>108=109,194=190,255=214</G><B>136=116,255=147</B>"
        },
        {
          "name": "LevelRangeMin",
          "paramType": "2",
          "calType": "",
          "texType": "",
          "value": "(0.0, 0.0, 0.0, 0.0)"
        },
        {
          "name": "LevelRangeMax",
          "paramType": "2",
          "calType": "",
          "texType": "",
          "value": "(1.0, 1.0, 1.0, 1.0)"
        }
      ]
    },
    {
      "effectName": "Retro_Rustic",
      "effectParams": [
        {
          "name": "Curve0",
          "paramType": "5",
          "calType": "",
          "texType": "",
          "value": "<R>73=50,178=212</R><G>83=92,176=199</G><B>255=193</B>"
        },
        {
          "name": "ColorBalance0",
          "paramType": "5",
          "calType": "",
          "texType": "",
          "value": "0,-12,18,0,-23,13,-12,-8,-16,1"
        },
        {
          "name": "Level",
          "paramType": "1",
          "calType": "",
          "texType": "",
          "value": "1"
        },
        {
          "name": "Contrast",
          "paramType": "1",
          "calType": "",
          "texType": "",
          "value": "0"
        }
      ]
    },
    {
      "effectName": "ShiftColor",
      "effectParams": [
        {
          "name": "colorInfo",
          "paramType": "2",
          "calType": "",
          "texType": "",
          "value": "(0.9056,0.1111,1.5, 0.0)"
        }
      ]
    },
    {
      "effectName": "Sketch_BW_New",
      "effectParams": [
        {
          "name": "ImageSize",
          "paramType": "2",
          "calType": "1",
          "texType": "",
          "value": "(0.0, 0.0, 0.0, 0.0)"
        },
        {
          "name": "Amount",
          "paramType": "1",
          "calType": "",
          "texType": "",
          "value": "1"
        }
      ]
    },
    {
      "effectName": "Sketch_CleanColor_New",
      "effectParams": [
        {
          "name": "Curve0",
          "paramType": "5",
          "calType": "",
          "texType": "",
          "value": "<R>214=221</R><G>126=131</G><B>0=11,133=185,228=255</B><A>198=116</A>"
        },
        {
          "name": "ImageSize",
          "paramType": "2",
          "calType": "1",
          "texType": "",
          "value": "(1,1, 0.0, 0.0)"
        }
      ]
    },
    {
      "effectName": "Sketch_CleanColorMul",
      "effectParams": [
        {
          "name": "maximumFrame",
          "paramType": "5",
          "calType": "",
          "texType": "",
          "value": "<PyramidLevel>2</PyramidLevel>"
        },
        {
          "name": "Curve0",
          "paramType": "5",
          "calType": "",
          "texType": "",
          "value": "<R>214=221</R><G>126=131</G><B>0=11,133=185,228=255</B><A>198=116</A>"
        }
      ]
    },
    {
      "effectName": "Sketch_CleanNeon",
      "effectParams": [
        {
          "name": "guassFrame",
          "paramType": "5",
          "calType": "",
          "texType": "",
          "value": "<PyramidLevel>3</PyramidLevel><StandLength>400</StandLength><StandAmount>5</StandAmount>"
        },
        {
          "name": "Curve0",
          "paramType": "5",
          "calType": "",
          "texType": "",
          "value": "<R>153=49,203=202</R><G>0=61</G><A>150=45,192=100</A>"
        },
        {
          "name": "maximumFrame",
          "paramType": "5",
          "calType": "",
          "texType": "",
          "value": "<PyramidLevel>2</PyramidLevel>"
        }
      ]
    },
    {
      "effectName": "Sketch_CleanSketchYellow",
      "effectParams": [
        {
          "name": "maximumFrame",
          "paramType": "5",
          "calType": "",
          "texType": "",
          "value": "<PyramidLevel>2</PyramidLevel>"
        },
        {
          "name": "Curve0",
          "paramType": "5",
          "calType": "",
          "texType": "",
          "value": " <R>27=0,120=191</R><A>127=0,180=58,212=173</A>"
        },
        {
          "name": "gradientFrame",
          "paramType": "5",
          "calType": "",
          "texType": "",
          "value": "41,10,89:255,124,0"
        }
      ]
    },
    {
      "effectName": "Sketch_Color_EX",
      "effectParams": [
        {
          "name": "ImageSize",
          "paramType": "2",
          "calType": "1",
          "texType": "",
          "value": "(512.0,512.0, 0.0, 0.0)"
        }
      ]
    },
    {
      "effectName": "Sketch_Color_New1",
      "effectParams": [
        {
          "name": "ImageSize",
          "paramType": "2",
          "calType": "1",
          "texType": "",
          "value": "(1,1, 0.0, 0.0)"
        }
      ]
    },
    {
      "effectName": "Sketch_Line_New",
      "effectParams": [
        {
          "name": "ImageSize",
          "paramType": "2",
          "calType": "1",
          "texType": "",
          "value": "(512,512, 0.0, 0.0)"
        },
        {
          "name": "Amount",
          "paramType": "1",
          "calType": "",
          "texType": "",
          "value": "1"
        }
      ]
    },
    {
      "effectName": "SkinPlus_BW",
      "effectParams": [
        {
          "name": "Level",
          "paramType": "1",
          "calType": "",
          "texType": "",
          "value": "1"
        }
      ]
    },
    {
      "effectName": "SkinPlus_Nature",
      "effectParams": [
        {
          "name": "Level",
          "paramType": "1",
          "calType": "",
          "texType": "",
          "value": "0.3"
        },
        {
          "name": "Saturation",
          "paramType": "1",
          "calType": "",
          "texType": "",
          "value": "1.2"
        }
      ]
    },
    {
      "effectName": "SkinPlus_RedClear",
      "effectParams": [
        {
          "name": "Level",
          "paramType": "1",
          "calType": "",
          "texType": "",
          "value": "0.5"
        }
      ]
    },
    {
      "effectName": "SkinPlus_Sunshine",
      "effectParams": [
        {
          "name": "Curve0",
          "paramType": "5",
          "calType": "",
          "texType": "",
          "value": "<A>10=0,127=150</A><R>121=134</R><G>255=224</G><B>15=0,120=136,232=255</B>"
        },
        {
          "name": "Level",
          "paramType": "1",
          "calType": "",
          "texType": "",
          "value": "1"
        }
      ]
    },
    {
      "effectName": "SkinSoft",
      "effectParams": [
        {
          "name": "guassFrame",
          "paramType": "5",
          "calType": "",
          "texType": "",
          "value": "<PyramidLevel>1</PyramidLevel><StandLength>500</StandLength><StandAmount>10</StandAmount>"
        },
        {
          "name": "Curve0",
          "paramType": "5",
          "calType": "",
          "texType": "",
          "value": "<A>10=0,127=150</A>"
        },
        {
          "name": "whiteLevel",
          "paramType": "1",
          "calType": "",
          "texType": "",
          "value": "0"
        }
      ]
    },
    {
      "effectName": "SkinSoftLab",
      "effectParams": [
        {
          "name": "guassFrame",
          "paramType": "5",
          "calType": "",
          "texType": "",
          "value": "<PyramidLevel>1</PyramidLevel><StandLength>400</StandLength><StandAmount>5</StandAmount>"
        },
        {
          "name": "Curve0",
          "paramType": "5",
          "calType": "",
          "texType": "",
          "value": "<A>10=0,127=155</A><R>117=109</R>"
        },
        {
          "name": "Level",
          "paramType": "1",
          "calType": "",
          "texType": "",
          "value": "1"
        }
      ]
    },
    {
      "effectName": "TiltShiftCircle_Fast",
      "effectParams": [
        {
          "name": "guassFrame",
          "paramType": "5",
          "calType": "",
          "texType": "",
          "value": "<PyramidLevel>2</PyramidLevel><StandLength>400</StandLength><StandAmount>10</StandAmount>"
        },
        {
          "name": "tiltShiftCircleParam",
          "paramType": "2",
          "calType": "",
          "texType": "",
          "value": "(0.5,0.5,0.1,0.3)"
        }
      ]
    },
    {
      "effectName": "TiltShiftCircle_Single",
      "effectParams": [
        {
          "name": "guassFrame",
          "paramType": "5",
          "calType": "",
          "texType": "",
          "value": "<PyramidLevel>4</PyramidLevel><StandLength>200</StandLength><StandAmount>5</StandAmount>"
        },
        {
          "name": "ImageSize",
          "paramType": "2",
          "calType": "0",
          "texType": "",
          "value": "(0.0, 0.0, 0.0, 0.0)"
        },
        {
          "name": "tiltShiftCircleParam",
          "paramType": "2",
          "calType": "",
          "texType": "",
          "value": "(0.5,0.5,0.02,0.3)"
        }
      ]
    },
    {
      "effectName": "ToneSeparate",
      "effectParams": [
        {
          "name": "inputImageTexture2",
          "paramType": "5",
          "calType": "",
          "texType": "",
          "value": ""
        },
        {
          "name": "mode",
          "paramType": "1",
          "calType": "",
          "texType": "",
          "value": "0"
        },
        {
          "name": "colorParam",
          "paramType": "2",
          "calType": "",
          "texType": "",
          "value": "(15.0, 4.0, 0.3, 64.0)"
        },
        {
          "name": "Offset",
          "paramType": "2",
          "calType": "",
          "texType": "",
          "value": "(0.5, 0.0, 0.0, 0.0)"
        },
        {
          "name": "isTowLut",
          "paramType": "1",
          "calType": "",
          "texType": "",
          "value": "0"
        },
        {
          "name": "Opacity",
          "paramType": "1",
          "calType": "",
          "texType": "",
          "value": "1"
        }
      ]
    },
    {
      "effectName": "Blend_Screen",
      "effectParams": [
        {
          "name": "textureFrame",
          "paramType": "5",
          "calType": "",
          "texType": "",
          "value": "8"
        },
        {
          "name": "ImageSize",
          "paramType": "2",
          "calType": "0",
          "texType": "",
          "value": "(0, 1.0, 0.0, 0.0)"
        },
        {
          "name": "textureAngle",
          "paramType": "1",
          "calType": "",
          "texType": "",
          "value": "0"
        },
        {
          "name": "Opacity",
          "paramType": "1",
          "calType": "",
          "texType": "",
          "value": "1"
        },
        {
          "name": "texType",
          "paramType": "1",
          "calType": "",
          "texType": "",
          "value": "0"
        }
      ]
    },
    {
      "effectName": "SkinSoft2",
      "effectParams": [
        {
          "name": "guassFrame",
          "paramType": "5",
          "calType": "-1",
          "texType": "0",
          "value": "<PyramidLevel>1</PyramidLevel><StandLength>500</StandLength><StandAmount>10</StandAmount>"
        },
        {
          "name": "Curve0",
          "paramType": "5",
          "calType": "-1",
          "texType": "1",
          "value": "<A>10=0,127=150</A>"
        },
        {
          "name": "whiteLevel",
          "paramType": "1",
          "calType": "-1",
          "texType": "-1",
          "value": "0"
        }
      ]
    },
    {
      "effectName": "SkinSoft3",
      "effectParams": [
        {
          "name": "guassFrame",
          "paramType": "5",
          "calType": "-1",
          "texType": "0",
          "value": "<PyramidLevel>2</PyramidLevel><StandLength>200</StandLength><StandAmount>5</StandAmount>"
        },
        {
          "name": "Curve0",
          "paramType": "5",
          "calType": "-1",
          "texType": "1",
          "value": "<A>10=0,127=150</A>"
        },
        {
          "name": "whiteLevel",
          "paramType": "1",
          "calType": "-1",
          "texType": "-1",
          "value": "0"
        }
      ]
    },
    {
      "effectName": "Time_1839",
      "effectParams": [
        {
          "name": "Curve",
          "paramType": "5",
          "calType": "-1",
          "texType": "1",
          "value": "<A>18=0,151=155,207=229</A>"
        },
        {
          "name": "Curve2",
          "paramType": "5",
          "calType": "-1",
          "texType": "1",
          "value": "<A>148=119</A><R>0=20</R><G>7=0</G><B>255=231</B>"
        }
      ]
    },
    {
      "effectName": "Normal",
      "effectParams": [
        {
          "name": "_MainTex",
          "paramType": "5",
          "calType": "-1",
          "texType": "5",
          "value": ""
        }
      ]
    },
    {
      "effectName": "NormalTransparent",
      "effectParams": [
        {
          "name": "_MainTex",
          "paramType": "5",
          "calType": "-1",
          "texType": "5",
          "value": ""
        }
      ]
    },
    {
      "effectName": "Blend_Mul",
      "effectParams": [
        {
          "name": "textureFrame",
          "paramType": "5",
          "calType": "-1",
          "texType": "-1",
          "value": "8"
        },
        {
          "name": "textureAngle",
          "paramType": "1",
          "calType": "-1",
          "texType": "-1",
          "value": "0"
        },
        {
          "name": "Opacity",
          "paramType": "1",
          "calType": "-1",
          "texType": "-1",
          "value": "1"
        },
        {
          "name": "_MainTex",
          "paramType": "5",
          "calType": "-1",
          "texType": "-1",
          "value": ""
        }
      ]
    },
    {
      "effectName": "NormalColor",
      "effectParams": [
        {
          "name": "colorParam",
          "paramType": "3",
          "calType": "-1",
          "texType": "-1",
          "value": "(1,1,1,1)"
        }
      ]
    },
    {
      "effectName": "HSL",
      "effectParams": [
        {
          "name": "_MainTex",
          "paramType": "0",
          "calType": "-1",
          "texType": "-1",
          "value": ""
        },
        {
          "name": "ScaleAndOffset",
          "paramType": "2",
          "calType": "-1",
          "texType": "-1",
          "value": "(1.0,1.0,0.0,0.0)"
        },
        {
          "name": "Hue_Red",
          "paramType": "2",
          "calType": "-1",
          "texType": "-1",
          "value": "(0.0,0.0,0.0,0.0)"
        },
        {
          "name": "Hue_Orange",
          "paramType": "2",
          "calType": "-1",
          "texType": "-1",
          "value": "(0.0,0.0,0.0,0.0)"
        },
        {
          "name": "Hue_Yellow",
          "paramType": "2",
          "calType": "-1",
          "texType": "-1",
          "value": "(0.0,0.0,0.0,0.0)"
        },
        {
          "name": "Hue_Green",
          "paramType": "2",
          "calType": "-1",
          "texType": "-1",
          "value": "(0.0,0.0,0.0,0.0)"
        },
        {
          "name": "Hue_Cyan",
          "paramType": "2",
          "calType": "-1",
          "texType": "-1",
          "value": "(0.0,0.0,0.0,0.0)"
        },
        {
          "name": "Hue_Blue",
          "paramType": "2",
          "calType": "-1",
          "texType": "-1",
          "value": "(0.0,0.0,0.0,0.0)"
        },
        {
          "name": "Hue_Purple",
          "paramType": "2",
          "calType": "-1",
          "texType": "-1",
          "value": "(0.0,0.0,0.0,0.0)"
        }
      ]
    }
  ]
}